[
  {
    "chat_id": "7940712410",
    "system": "REGISTERED_USER",
    "saldo": 0
  },
  {
    "chat_id": "6497515064",
    "system": "REGISTERED_USER",
    "saldo": 0
  },
  {
    "chat_id": "8500892765",
    "system": "REGISTERED_USER",
    "saldo": 0
  },
  {
    "chat_id": "7333617537",
    "system": "REGISTERED_USER",
    "saldo": 0,
    "pendingDeposit": 10000
  },
  {
    "chat_id": "7395256608",
    "system": "REGISTERED_USER",
    "saldo": 0
  },
  {
    "chat_id": "7147313177",
    "system": "REGISTERED_USER",
    "saldo": 0
  },
  {
    "chat_id": "6559971769",
    "system": "REGISTERED_USER",
    "saldo": 0,
    "pendingDeposit": 10000
  }
]